keys,en,zh
dialog_beginning_00,"Heheh, cut costs and boost efficiency... The useless stuff just needs to be cleared out, y'know.","嘿嘿嘿，降本增效…降本增效…
没用的东西就该清理出去哟"
dialog_beginning_01,"...Suddenly the whole project team got laid off.\nWhat was all that overtime for the past month even for...
...It’s so eerily quiet in here.
...
Everything on my desk’s already packed up in boxes.\nPutting them on the chair and wheeling it out’ll save some energy.\nThe piles are such a mess I can barely squeeze through the aisle.\nI guess I’ll try pushing the packed-up chair now.","…
突然整个项目组都被裁掉了啊
那前一个月的加班算什么…
…真是安静呢
。。。
工位上的东西已经打包好放在箱子里了
放在椅子上推走能省点力气
东西堆得真是一团糟，似乎都走不出去了
试着推一下我收拾好的椅子吧"
dialog_beginning_02,Huh?Oh no! I accidentally broke the office door.,"诶？
完了啊，不小心把办公室的门打破了"
dialog_beginning_03,"... Though I gotta say, the rush of breaking things isn’t half bad.","。。。
不过不得不说破坏的感觉挺好的"
dialog_beginning_04,"Oh no! Why’s the alarm blaring?\n Now I’ll never get out of the company without footing the bill for the damage.\nI bet that boss would make me cough up way more than 114,514 yuan in compensation anyway.","完蛋了，咋响警报，这下不付赔偿连公司都出不去了
想必那个老板会让员工付上114514元都不够的赔偿金罢"
you,You,你
